product,date,demand,inventory,sales,consumption,production,reorder_level,lead_time,supplier,warehouse_capacity,unit_cost,season,category
PROD-001,2026-09-01,150,450,140,145,160,200,5,Apex Supply,1000,25.50,Fall,Electronics
PROD-001,2026-09-02,165,305,160,158,160,200,5,Apex Supply,1000,25.50,Fall,Electronics
PROD-001,2026-09-03,180,145,175,170,160,200,5,Apex Supply,1000,25.50,Fall,Electronics
PROD-001,2026-09-04,210,85,200,195,160,200,5,Apex Supply,1000,25.50,Fall,Electronics
PROD-001,2026-09-05,240,25,210,210,160,200,5,Apex Supply,1000,25.50,Fall,Electronics
PROD-002,2026-09-01,80,600,75,78,100,150,7,Global Dynamics,800,42.00,Fall,Industrial Parts
PROD-002,2026-09-02,85,522,82,80,100,150,7,Global Dynamics,800,42.00,Fall,Industrial Parts
PROD-002,2026-09-03,90,442,88,86,100,150,7,Global Dynamics,800,42.00,Fall,Industrial Parts
PROD-002,2026-09-04,95,356,92,90,100,150,7,Global Dynamics,800,42.00,Fall,Industrial Parts
PROD-002,2026-09-05,105,266,100,98,100,150,7,Global Dynamics,800,42.00,Fall,Industrial Parts
PROD-003,2026-09-01,310,1200,300,305,350,400,3,Vortex Logistics,1500,12.75,Fall,Raw Materials
PROD-003,2026-09-02,330,895,320,315,350,400,3,Vortex Logistics,1500,12.75,Fall,Raw Materials
PROD-003,2026-09-03,345,580,340,335,350,400,3,Vortex Logistics,1500,12.75,Fall,Raw Materials
PROD-003,2026-09-04,380,245,370,365,350,400,3,Vortex Logistics,1500,12.75,Fall,Raw Materials
PROD-003,2026-09-05,410,110,395,390,350,400,3,Vortex Logistics,1500,12.75,Fall,Raw Materials
PROD-004,2026-09-01,45,180,42,40,50,60,10,Nexus Components,500,110.00,Fall,Electronics
PROD-004,2026-09-02,48,140,46,45,50,60,10,Nexus Components,500,110.00,Fall,Electronics
PROD-004,2026-09-03,52,95,50,49,50,60,10,Nexus Components,500,110.00,Fall,Electronics
PROD-004,2026-09-04,60,46,55,54,50,60,10,Nexus Components,500,110.00,Fall,Electronics
PROD-004,2026-09-05,65,12,60,58,50,60,10,Nexus Components,500,110.00,Fall,Electronics
