machine_id,timestamp,temperature,vibration,pressure,current,rpm,operating_hours,load,maintenance_date,failure,failure_type,downtime_hours,machine_type,criticality,production_line,department
M-101,2026-09-28 08:00:00,65.2,1.2,101.3,14.5,1780,1240,75,2026-08-15,0,None,0,CNC Milling,Medium,Line-A,Machining
M-101,2026-09-28 12:00:00,66.1,1.3,101.5,14.7,1785,1244,78,2026-08-15,0,None,0,CNC Milling,Medium,Line-A,Machining
M-101,2026-09-28 16:00:00,65.8,1.2,101.1,14.6,1778,1248,76,2026-08-15,0,None,0,CNC Milling,Medium,Line-A,Machining
M-101,2026-09-28 20:00:00,67.0,1.4,102.0,14.8,1790,1252,80,2026-08-15,0,None,0,CNC Milling,Medium,Line-A,Machining
M-102,2026-09-28 08:00:00,70.5,1.8,98.2,18.2,2100,2400,82,2026-07-10,0,None,0,Hydraulic Press,High,Line-B,Stamping
M-102,2026-09-28 12:00:00,71.2,1.9,98.5,18.4,2105,2404,85,2026-07-10,0,None,0,Hydraulic Press,High,Line-B,Stamping
M-102,2026-09-28 16:00:00,72.0,2.0,97.9,18.6,2098,2408,84,2026-07-10,0,None,0,Hydraulic Press,High,Line-B,Stamping
M-102,2026-09-28 20:00:00,71.8,1.9,98.4,18.5,2102,2412,83,2026-07-10,0,None,0,Hydraulic Press,High,Line-B,Stamping
M-103,2026-09-28 08:00:00,58.0,0.9,105.0,10.2,1200,890,60,2026-09-01,0,None,0,Robotic Arm,Low,Line-C,Assembly
M-103,2026-09-28 12:00:00,58.5,0.9,104.8,10.3,1205,894,62,2026-09-01,0,None,0,Robotic Arm,Low,Line-C,Assembly
M-103,2026-09-28 16:00:00,59.1,1.0,105.2,10.4,1198,898,61,2026-09-01,0,None,0,Robotic Arm,Low,Line-C,Assembly
M-104,2026-09-28 08:00:00,74.5,2.1,99.0,19.5,2450,3850,88,2026-05-20,0,None,0,Turbine Compressor,Critical,Line-A,Power Generation
M-104,2026-09-28 10:00:00,78.2,2.8,96.5,21.0,2460,3852,90,2026-05-20,0,None,0,Turbine Compressor,Critical,Line-A,Power Generation
M-104,2026-09-28 12:00:00,82.4,3.6,93.2,23.5,2475,3854,94,2026-05-20,0,None,0,Turbine Compressor,Critical,Line-A,Power Generation
M-104,2026-09-28 14:00:00,88.1,4.5,89.0,26.2,2490,3856,97,2026-05-20,1,Bearing Degradation,14,Turbine Compressor,Critical,Line-A,Power Generation
M-104,2026-09-28 16:00:00,94.3,5.8,84.5,29.8,2510,3858,99,2026-05-20,1,Bearing Degradation,18,Turbine Compressor,Critical,Line-A,Power Generation
M-105,2026-09-28 08:00:00,62.0,1.1,102.5,12.0,1500,1650,70,2026-08-01,0,None,0,Conveyor Motor,Medium,Line-B,Packaging
M-105,2026-09-28 12:00:00,62.5,1.2,102.3,12.2,1505,1654,72,2026-08-01,0,None,0,Conveyor Motor,Medium,Line-B,Packaging
M-105,2026-09-28 16:00:00,63.1,1.1,102.7,12.1,1498,1658,71,2026-08-01,0,None,0,Conveyor Motor,Medium,Line-B,Packaging
